occurred_at,domain,action,entity_type,entity_id,actor_type,actor_id,source,request_id,correlation_id,causation_id,cart_id,cart_item_id,obligation_id,transaction_id,vendor_event_id,refund_id,old_status,new_status,amount,status,reason,before_snapshot,after_snapshot,metadata
1774353375509,obligation,obligation.created,obligation,1,system,,obligation_processor,,,,,,1,,,,,open,4000,success,,{},"{""id"":1,""owner_id"":""000331714"",""owner_type"":""citation"",""fee_type"":""citation"",""label"":""citation_fee"",""status"":""open"",""amount"":""4000"",""allocated_total"":0,""outstanding_amount"":""4000"",""overpaid_amount"":0,""waived_amount"":0,""locked_by"":null}","{""ledger_item_id"":null,""event_type"":""obligation.created""}"
1774353375510,obligation,obligation.created,obligation,2,system,,obligation_processor,,,,,,2,,,,,open,4000,success,,{},"{""id"":2,""owner_id"":""000329181"",""owner_type"":""citation"",""fee_type"":""citation"",""label"":""citation_fee"",""status"":""open"",""amount"":""4000"",""allocated_total"":0,""outstanding_amount"":""4000"",""overpaid_amount"":0,""waived_amount"":0,""locked_by"":null}","{""ledger_item_id"":null,""event_type"":""obligation.created""}"
1774353375510,obligation,obligation.created,obligation,3,system,,obligation_processor,,,,,,3,,,,,open,4000,success,,{},"{""id"":3,""owner_id"":""000322452"",""owner_type"":""citation"",""fee_type"":""citation"",""label"":""citation_fee"",""status"":""open"",""amount"":""4000"",""allocated_total"":0,""outstanding_amount"":""4000"",""overpaid_amount"":0,""waived_amount"":0,""locked_by"":null}","{""ledger_item_id"":null,""event_type"":""obligation.created""}"
1774353375510,obligation,obligation.created,obligation,4,system,,obligation_processor,,,,,,4,,,,,open,4000,success,,{},"{""id"":4,""owner_id"":""000329019"",""owner_type"":""citation"",""fee_type"":""citation"",""label"":""citation_fee"",""status"":""open"",""amount"":""4000"",""allocated_total"":0,""outstanding_amount"":""4000"",""overpaid_amount"":0,""waived_amount"":0,""locked_by"":null}","{""ledger_item_id"":null,""event_type"":""obligation.created""}"
1774353375510,obligation,obligation.created,obligation,5,system,,obligation_processor,,,,,,5,,,,,open,4000,success,,{},"{""id"":5,""owner_id"":""000328981"",""owner_type"":""citation"",""fee_type"":""citation"",""label"":""citation_fee"",""status"":""open"",""amount"":""4000"",""allocated_total"":0,""outstanding_amount"":""4000"",""overpaid_amount"":0,""waived_amount"":0,""locked_by"":null}","{""ledger_item_id"":null,""event_type"":""obligation.created""}"
1774353375511,obligation,obligation.created,obligation,6,system,,obligation_processor,,,,,,6,,,,,open,4000,success,,{},"{""id"":6,""owner_id"":""000323211"",""owner_type"":""citation"",""fee_type"":""citation"",""label"":""citation_fee"",""status"":""open"",""amount"":""4000"",""allocated_total"":0,""outstanding_amount"":""4000"",""overpaid_amount"":0,""waived_amount"":0,""locked_by"":null}","{""ledger_item_id"":null,""event_type"":""obligation.created""}"
1774353375511,obligation,obligation.created,obligation,7,system,,obligation_processor,,,,,,7,,,,,open,4000,success,,{},"{""id"":7,""owner_id"":""000330575"",""owner_type"":""citation"",""fee_type"":""citation"",""label"":""citation_fee"",""status"":""open"",""amount"":""4000"",""allocated_total"":0,""outstanding_amount"":""4000"",""overpaid_amount"":0,""waived_amount"":0,""locked_by"":null}","{""ledger_item_id"":null,""event_type"":""obligation.created""}"
1774353375511,obligation,obligation.created,obligation,8,system,,obligation_processor,,,,,,8,,,,,open,4000,success,,{},"{""id"":8,""owner_id"":""000330362"",""owner_type"":""citation"",""fee_type"":""citation"",""label"":""citation_fee"",""status"":""open"",""amount"":""4000"",""allocated_total"":0,""outstanding_amount"":""4000"",""overpaid_amount"":0,""waived_amount"":0,""locked_by"":null}","{""ledger_item_id"":null,""event_type"":""obligation.created""}"
1774353383898,cart,cart.created,cart,1,user,demo_user,online_payment_api,req_checkout_000331714-000329181_1774353383898,,,1,,,,,,,draft,0,success,,{},"{""id"":1,""amount"":0,""vendor"":""stripe"",""payment_mode"":""online"",""status"":""draft"",""cart_items"":[]}","{""event_type"":""cart.created""}"
1774353383899,payment,online_payment.requested,cart,1,user,demo_user,online_payment_api,req_checkout_000331714-000329181_1774353383898,cart_payment:1,,1,,,,,,,,8400,success,,{},"{""cart_id"":1,""citation_numbers"":[""000331714"",""000329181""],""payment_mode"":""online"",""vendor"":""stripe"",""status"":""draft""}","{""step"":""checkout_started""}"
1774353383899,obligation,obligation.created,obligation,9,user,demo_user,online_payment_api,req_checkout_000331714-000329181_1774353383898,cart_payment:1,,,,9,,,,,open,400,success,,{},"{""id"":9,""owner_id"":1,""owner_type"":""cart"",""fee_type"":""fee"",""label"":""convenience_fee"",""status"":""open"",""amount"":400,""allocated_total"":0,""outstanding_amount"":400,""overpaid_amount"":0,""waived_amount"":0,""locked_by"":null}","{""ledger_item_id"":null,""event_type"":""obligation.created""}"
1774353383899,cart,cart.items_added,cart,1,user,demo_user,online_payment_api,req_checkout_000331714-000329181_1774353383898,cart_payment:1,,1,,,,,,draft,draft,8400,success,,"{""id"":1,""amount"":0,""vendor"":""stripe"",""payment_mode"":""online"",""status"":""draft"",""cart_items"":[]}","{""id"":1,""amount"":8400,""vendor"":""stripe"",""payment_mode"":""online"",""status"":""draft"",""cart_items"":[{""id"":1,""cart_id"":1,""amount"":400,""obligation_id"":9,""obligation_label"":""convenience_fee""},{""id"":2,""cart_id"":1,""amount"":4000,""obligation_id"":1,""obligation_label"":""citation_fee""},{""id"":3,""cart_id"":1,""amount"":4000,""obligation_id"":2,""obligation_label"":""citation_fee""}]}","{""event_type"":""cart.items_modified"",""new_cart_item_ids"":[1,2,3],""new_obligation_ids"":[9,1,2]}"
1774353383900,cart,cart.checked_out,cart,1,user,demo_user,online_payment_api,req_checkout_000331714-000329181_1774353383898,cart_payment:1,,1,,,,,,draft,checkout,8400,success,,"{""id"":1,""amount"":8400,""vendor"":""stripe"",""payment_mode"":""online"",""status"":""draft"",""cart_items"":[{""id"":1,""cart_id"":1,""amount"":400,""obligation_id"":9,""obligation_label"":""convenience_fee""},{""id"":2,""cart_id"":1,""amount"":4000,""obligation_id"":1,""obligation_label"":""citation_fee""},{""id"":3,""cart_id"":1,""amount"":4000,""obligation_id"":2,""obligation_label"":""citation_fee""}]}","{""id"":1,""amount"":8400,""vendor"":""stripe"",""payment_mode"":""online"",""status"":""checkout"",""cart_items"":[{""id"":1,""cart_id"":1,""amount"":400,""obligation_id"":9,""obligation_label"":""convenience_fee""},{""id"":2,""cart_id"":1,""amount"":4000,""obligation_id"":1,""obligation_label"":""citation_fee""},{""id"":3,""cart_id"":1,""amount"":4000,""obligation_id"":2,""obligation_label"":""citation_fee""}]}","{""event_type"":""cart.checkedout""}"
1774353383900,payment,online_payment.submitted,cart,1,user,demo_user,online_payment_api,req_submit_1_1774353383900,cart_payment:1,,1,,,,,,,,8400,success,,"{""cart_id"":1,""status"":""checkout"",""amount"":8400}","{""cart_id"":1,""status"":""checkout"",""amount"":8400}","{""step"":""submit_started""}"
1774353383900,obligation,obligation.locked,obligation,9,user,demo_user,online_payment_api,req_submit_1_1774353383900,cart_payment:1,,,1,9,,,,open,locked,400,success,,"{""id"":9,""owner_id"":1,""owner_type"":""cart"",""fee_type"":""fee"",""label"":""convenience_fee"",""status"":""open"",""amount"":400,""allocated_total"":0,""outstanding_amount"":400,""overpaid_amount"":0,""waived_amount"":0,""locked_by"":null}","{""id"":9,""owner_id"":1,""owner_type"":""cart"",""fee_type"":""fee"",""label"":""convenience_fee"",""status"":""locked"",""amount"":400,""allocated_total"":0,""outstanding_amount"":400,""overpaid_amount"":0,""waived_amount"":0,""locked_by"":1}","{""ledger_item_id"":null,""event_type"":""obligation.locked"",""payment_mode"":""online"",""locked_by"":1}"
1774353383900,obligation,obligation.locked,obligation,1,user,demo_user,online_payment_api,req_submit_1_1774353383900,cart_payment:1,,,2,1,,,,open,locked,4000,success,,"{""id"":1,""owner_id"":""000331714"",""owner_type"":""citation"",""fee_type"":""citation"",""label"":""citation_fee"",""status"":""open"",""amount"":4000,""allocated_total"":0,""outstanding_amount"":4000,""overpaid_amount"":0,""waived_amount"":0,""locked_by"":""""}","{""id"":1,""owner_id"":""000331714"",""owner_type"":""citation"",""fee_type"":""citation"",""label"":""citation_fee"",""status"":""locked"",""amount"":4000,""allocated_total"":0,""outstanding_amount"":4000,""overpaid_amount"":0,""waived_amount"":0,""locked_by"":1}","{""ledger_item_id"":null,""event_type"":""obligation.locked"",""payment_mode"":""online"",""locked_by"":1}"
1774353383901,obligation,obligation.locked,obligation,2,user,demo_user,online_payment_api,req_submit_1_1774353383900,cart_payment:1,,,3,2,,,,open,locked,4000,success,,"{""id"":2,""owner_id"":""000329181"",""owner_type"":""citation"",""fee_type"":""citation"",""label"":""citation_fee"",""status"":""open"",""amount"":4000,""allocated_total"":0,""outstanding_amount"":4000,""overpaid_amount"":0,""waived_amount"":0,""locked_by"":""""}","{""id"":2,""owner_id"":""000329181"",""owner_type"":""citation"",""fee_type"":""citation"",""label"":""citation_fee"",""status"":""locked"",""amount"":4000,""allocated_total"":0,""outstanding_amount"":4000,""overpaid_amount"":0,""waived_amount"":0,""locked_by"":1}","{""ledger_item_id"":null,""event_type"":""obligation.locked"",""payment_mode"":""online"",""locked_by"":1}"
1774353383901,cart,cart.payment_submitted,cart,1,user,demo_user,online_payment_api,req_submit_1_1774353383900,cart_payment:1,,1,,,,,,checkout,payment_submitted,8400,success,,"{""id"":1,""amount"":8400,""vendor"":""stripe"",""payment_mode"":""online"",""status"":""checkout"",""cart_items"":[{""id"":1,""cart_id"":1,""amount"":400,""obligation_id"":9,""obligation_label"":""convenience_fee""},{""id"":2,""cart_id"":1,""amount"":4000,""obligation_id"":1,""obligation_label"":""citation_fee""},{""id"":3,""cart_id"":1,""amount"":4000,""obligation_id"":2,""obligation_label"":""citation_fee""}]}","{""id"":1,""amount"":8400,""vendor"":""stripe"",""payment_mode"":""online"",""status"":""payment_submitted"",""cart_items"":[{""id"":1,""cart_id"":1,""amount"":400,""obligation_id"":9,""obligation_label"":""convenience_fee""},{""id"":2,""cart_id"":1,""amount"":4000,""obligation_id"":1,""obligation_label"":""citation_fee""},{""id"":3,""cart_id"":1,""amount"":4000,""obligation_id"":2,""obligation_label"":""citation_fee""}]}","{""event_type"":""cart.status_transitioned"",""locked_obligation_ids"":[9,1,2]}"
1774353383901,cart,cart.created,cart,2,user,demo_user,online_payment_api,req_checkout_000330575-000330362_1774353383901,,,2,,,,,,,draft,0,success,,{},"{""id"":2,""amount"":0,""vendor"":""stripe"",""payment_mode"":""online"",""status"":""draft"",""cart_items"":[]}","{""event_type"":""cart.created""}"
1774353383901,payment,online_payment.requested,cart,2,user,demo_user,online_payment_api,req_checkout_000330575-000330362_1774353383901,cart_payment:2,,2,,,,,,,,8400,success,,{},"{""cart_id"":2,""citation_numbers"":[""000330575"",""000330362""],""payment_mode"":""online"",""vendor"":""stripe"",""status"":""draft""}","{""step"":""checkout_started""}"
1774353383902,obligation,obligation.created,obligation,10,user,demo_user,online_payment_api,req_checkout_000330575-000330362_1774353383901,cart_payment:2,,,,10,,,,,open,400,success,,{},"{""id"":10,""owner_id"":2,""owner_type"":""cart"",""fee_type"":""fee"",""label"":""convenience_fee"",""status"":""open"",""amount"":400,""allocated_total"":0,""outstanding_amount"":400,""overpaid_amount"":0,""waived_amount"":0,""locked_by"":null}","{""ledger_item_id"":null,""event_type"":""obligation.created""}"
1774353383902,cart,cart.items_added,cart,2,user,demo_user,online_payment_api,req_checkout_000330575-000330362_1774353383901,cart_payment:2,,2,,,,,,draft,draft,8400,success,,"{""id"":2,""amount"":0,""vendor"":""stripe"",""payment_mode"":""online"",""status"":""draft"",""cart_items"":[]}","{""id"":2,""amount"":8400,""vendor"":""stripe"",""payment_mode"":""online"",""status"":""draft"",""cart_items"":[{""id"":4,""cart_id"":2,""amount"":400,""obligation_id"":10,""obligation_label"":""convenience_fee""},{""id"":5,""cart_id"":2,""amount"":4000,""obligation_id"":7,""obligation_label"":""citation_fee""},{""id"":6,""cart_id"":2,""amount"":4000,""obligation_id"":8,""obligation_label"":""citation_fee""}]}","{""event_type"":""cart.items_modified"",""new_cart_item_ids"":[4,5,6],""new_obligation_ids"":[10,7,8]}"
1774353383902,cart,cart.checked_out,cart,2,user,demo_user,online_payment_api,req_checkout_000330575-000330362_1774353383901,cart_payment:2,,2,,,,,,draft,checkout,8400,success,,"{""id"":2,""amount"":8400,""vendor"":""stripe"",""payment_mode"":""online"",""status"":""draft"",""cart_items"":[{""id"":4,""cart_id"":2,""amount"":400,""obligation_id"":10,""obligation_label"":""convenience_fee""},{""id"":5,""cart_id"":2,""amount"":4000,""obligation_id"":7,""obligation_label"":""citation_fee""},{""id"":6,""cart_id"":2,""amount"":4000,""obligation_id"":8,""obligation_label"":""citation_fee""}]}","{""id"":2,""amount"":8400,""vendor"":""stripe"",""payment_mode"":""online"",""status"":""checkout"",""cart_items"":[{""id"":4,""cart_id"":2,""amount"":400,""obligation_id"":10,""obligation_label"":""convenience_fee""},{""id"":5,""cart_id"":2,""amount"":4000,""obligation_id"":7,""obligation_label"":""citation_fee""},{""id"":6,""cart_id"":2,""amount"":4000,""obligation_id"":8,""obligation_label"":""citation_fee""}]}","{""event_type"":""cart.checkedout""}"
1774353383902,payment,online_payment.submitted,cart,2,user,demo_user,online_payment_api,req_submit_2_1774353383902,cart_payment:2,,2,,,,,,,,8400,success,,"{""cart_id"":2,""status"":""checkout"",""amount"":8400}","{""cart_id"":2,""status"":""checkout"",""amount"":8400}","{""step"":""submit_started""}"
1774353383903,obligation,obligation.locked,obligation,10,user,demo_user,online_payment_api,req_submit_2_1774353383902,cart_payment:2,,,4,10,,,,open,locked,400,success,,"{""id"":10,""owner_id"":2,""owner_type"":""cart"",""fee_type"":""fee"",""label"":""convenience_fee"",""status"":""open"",""amount"":400,""allocated_total"":0,""outstanding_amount"":400,""overpaid_amount"":0,""waived_amount"":0,""locked_by"":null}","{""id"":10,""owner_id"":2,""owner_type"":""cart"",""fee_type"":""fee"",""label"":""convenience_fee"",""status"":""locked"",""amount"":400,""allocated_total"":0,""outstanding_amount"":400,""overpaid_amount"":0,""waived_amount"":0,""locked_by"":2}","{""ledger_item_id"":null,""event_type"":""obligation.locked"",""payment_mode"":""online"",""locked_by"":2}"
1774353383903,obligation,obligation.locked,obligation,7,user,demo_user,online_payment_api,req_submit_2_1774353383902,cart_payment:2,,,5,7,,,,open,locked,4000,success,,"{""id"":7,""owner_id"":""000330575"",""owner_type"":""citation"",""fee_type"":""citation"",""label"":""citation_fee"",""status"":""open"",""amount"":4000,""allocated_total"":0,""outstanding_amount"":4000,""overpaid_amount"":0,""waived_amount"":0,""locked_by"":""""}","{""id"":7,""owner_id"":""000330575"",""owner_type"":""citation"",""fee_type"":""citation"",""label"":""citation_fee"",""status"":""locked"",""amount"":4000,""allocated_total"":0,""outstanding_amount"":4000,""overpaid_amount"":0,""waived_amount"":0,""locked_by"":2}","{""ledger_item_id"":null,""event_type"":""obligation.locked"",""payment_mode"":""online"",""locked_by"":2}"
1774353383903,obligation,obligation.locked,obligation,8,user,demo_user,online_payment_api,req_submit_2_1774353383902,cart_payment:2,,,6,8,,,,open,locked,4000,success,,"{""id"":8,""owner_id"":""000330362"",""owner_type"":""citation"",""fee_type"":""citation"",""label"":""citation_fee"",""status"":""open"",""amount"":4000,""allocated_total"":0,""outstanding_amount"":4000,""overpaid_amount"":0,""waived_amount"":0,""locked_by"":""""}","{""id"":8,""owner_id"":""000330362"",""owner_type"":""citation"",""fee_type"":""citation"",""label"":""citation_fee"",""status"":""locked"",""amount"":4000,""allocated_total"":0,""outstanding_amount"":4000,""overpaid_amount"":0,""waived_amount"":0,""locked_by"":2}","{""ledger_item_id"":null,""event_type"":""obligation.locked"",""payment_mode"":""online"",""locked_by"":2}"
1774353383903,cart,cart.payment_submitted,cart,2,user,demo_user,online_payment_api,req_submit_2_1774353383902,cart_payment:2,,2,,,,,,checkout,payment_submitted,8400,success,,"{""id"":2,""amount"":8400,""vendor"":""stripe"",""payment_mode"":""online"",""status"":""checkout"",""cart_items"":[{""id"":4,""cart_id"":2,""amount"":400,""obligation_id"":10,""obligation_label"":""convenience_fee""},{""id"":5,""cart_id"":2,""amount"":4000,""obligation_id"":7,""obligation_label"":""citation_fee""},{""id"":6,""cart_id"":2,""amount"":4000,""obligation_id"":8,""obligation_label"":""citation_fee""}]}","{""id"":2,""amount"":8400,""vendor"":""stripe"",""payment_mode"":""online"",""status"":""payment_submitted"",""cart_items"":[{""id"":4,""cart_id"":2,""amount"":400,""obligation_id"":10,""obligation_label"":""convenience_fee""},{""id"":5,""cart_id"":2,""amount"":4000,""obligation_id"":7,""obligation_label"":""citation_fee""},{""id"":6,""cart_id"":2,""amount"":4000,""obligation_id"":8,""obligation_label"":""citation_fee""}]}","{""event_type"":""cart.status_transitioned"",""locked_obligation_ids"":[10,7,8]}"
1774353389741,vendor_event,vendor_event.processing_dispatched,vendor_event,1,system,vendor_event_consumer,vendor_event_consumer,worker_event:1,cart_payment:1,,1,,,1,1,,,,,success,,"{""id"":1,""processing_status"":""pending"",""event_type"":""payment_confirmed"",""vendor_name"":""stripe""}","{""id"":1,""processing_status"":""pending"",""event_type"":""payment_confirmed"",""vendor_name"":""stripe""}","{""worker"":""vendor_event_consumer""}"
1774353389742,ledger,ledger.item_created,ledger_item,1,system,vendor_event_consumer,vendor_event_consumer,worker_event:1,cart_payment:1,,1,,,1,1,,,ledger.payment_confirmed,8400,success,,{},"{""id"":1,""vendor_name"":""stripe"",""amount"":8400,""stage"":""ledger.payment_confirmed"",""type"":""payment"",""label"":""cart_payment"",""cart_id"":1,""transaction_id"":1,""confirmed_at"":1774353389741,""settled_at"":null,""allocations"":[{""cart_item_id"":1,""obligation_id"":9,""amount"":400},{""cart_item_id"":2,""obligation_id"":1,""amount"":4000},{""cart_item_id"":3,""obligation_id"":2,""amount"":4000}]}","{""breakdown_label"":""cart_payment"",""breakdown_type"":""payment"",""vendor_event_type"":""payment_confirmed"",""allocation_count"":3}"
1774353389743,ledger,ledger.item_created,ledger_item,2,system,vendor_event_consumer,vendor_event_consumer,worker_event:1,cart_payment:1,,1,,,1,1,,,ledger.payment_confirmed,-155,success,,{},"{""id"":2,""vendor_name"":""stripe"",""amount"":-155,""stage"":""ledger.payment_confirmed"",""type"":""fee"",""label"":""stripe_fee"",""cart_id"":1,""transaction_id"":1,""confirmed_at"":1774353389741,""settled_at"":null,""allocations"":[]}","{""breakdown_label"":""stripe_fee"",""breakdown_type"":""fee"",""vendor_event_type"":""payment_confirmed"",""allocation_count"":0}"
1774353389743,cart,cart.payment_confirmed,cart,1,system,vendor_event_consumer,vendor_event_consumer,worker_event:1,cart_payment:1,,1,,,,,,payment_submitted,payment_confirmed,8400,success,,"{""id"":1,""amount"":8400,""vendor"":""stripe"",""payment_mode"":""online"",""status"":""payment_submitted"",""cart_items"":[{""id"":1,""cart_id"":1,""amount"":400,""obligation_id"":9,""obligation_label"":""convenience_fee""},{""id"":2,""cart_id"":1,""amount"":4000,""obligation_id"":1,""obligation_label"":""citation_fee""},{""id"":3,""cart_id"":1,""amount"":4000,""obligation_id"":2,""obligation_label"":""citation_fee""}]}","{""id"":1,""amount"":8400,""vendor"":""stripe"",""payment_mode"":""online"",""status"":""payment_confirmed"",""cart_items"":[{""id"":1,""cart_id"":1,""amount"":400,""obligation_id"":9,""obligation_label"":""convenience_fee""},{""id"":2,""cart_id"":1,""amount"":4000,""obligation_id"":1,""obligation_label"":""citation_fee""},{""id"":3,""cart_id"":1,""amount"":4000,""obligation_id"":2,""obligation_label"":""citation_fee""}]}","{""event_type"":""cart.payment_confirmed""}"
1774353389744,obligation,obligation.payment_confirmed,obligation,9,system,vendor_event_consumer,vendor_event_consumer,worker_event:1,cart_payment:1,,,1,9,1,1,,locked,closed,8400,success,,"{""id"":9,""owner_id"":""1"",""owner_type"":""cart"",""fee_type"":""fee"",""label"":""convenience_fee"",""status"":""locked"",""amount"":400,""allocated_total"":0,""outstanding_amount"":400,""overpaid_amount"":0,""waived_amount"":0,""locked_by"":""1""}","{""id"":9,""owner_id"":""1"",""owner_type"":""cart"",""fee_type"":""fee"",""label"":""convenience_fee"",""status"":""closed"",""amount"":400,""allocated_total"":400,""outstanding_amount"":0,""overpaid_amount"":0,""waived_amount"":0,""locked_by"":null}","{""ledger_item_id"":1,""event_type"":""obligation.payment_confirmed"",""allocated_delta"":400,""payment_mode"":""online""}"
1774353389745,obligation,obligation.payment_confirmed,obligation,1,system,vendor_event_consumer,vendor_event_consumer,worker_event:1,cart_payment:1,,,2,1,1,1,,locked,closed,8400,success,,"{""id"":1,""owner_id"":""000331714"",""owner_type"":""citation"",""fee_type"":""citation"",""label"":""citation_fee"",""status"":""locked"",""amount"":4000,""allocated_total"":0,""outstanding_amount"":4000,""overpaid_amount"":0,""waived_amount"":0,""locked_by"":""1""}","{""id"":1,""owner_id"":""000331714"",""owner_type"":""citation"",""fee_type"":""citation"",""label"":""citation_fee"",""status"":""closed"",""amount"":4000,""allocated_total"":4000,""outstanding_amount"":0,""overpaid_amount"":0,""waived_amount"":0,""locked_by"":null}","{""ledger_item_id"":1,""event_type"":""obligation.payment_confirmed"",""allocated_delta"":4000,""payment_mode"":""online""}"
1774353389746,obligation,obligation.payment_confirmed,obligation,2,system,vendor_event_consumer,vendor_event_consumer,worker_event:1,cart_payment:1,,,3,2,1,1,,locked,closed,8400,success,,"{""id"":2,""owner_id"":""000329181"",""owner_type"":""citation"",""fee_type"":""citation"",""label"":""citation_fee"",""status"":""locked"",""amount"":4000,""allocated_total"":0,""outstanding_amount"":4000,""overpaid_amount"":0,""waived_amount"":0,""locked_by"":""1""}","{""id"":2,""owner_id"":""000329181"",""owner_type"":""citation"",""fee_type"":""citation"",""label"":""citation_fee"",""status"":""closed"",""amount"":4000,""allocated_total"":4000,""outstanding_amount"":0,""overpaid_amount"":0,""waived_amount"":0,""locked_by"":null}","{""ledger_item_id"":1,""event_type"":""obligation.payment_confirmed"",""allocated_delta"":4000,""payment_mode"":""online""}"
1774353389746,vendor_event,vendor_event.processing_dispatched,vendor_event,6,system,vendor_event_consumer,vendor_event_consumer,worker_event:6,cart_payment:2,,2,,,5,6,,,,,success,,"{""id"":6,""processing_status"":""pending"",""event_type"":""payment_confirmed"",""vendor_name"":""stripe""}","{""id"":6,""processing_status"":""pending"",""event_type"":""payment_confirmed"",""vendor_name"":""stripe""}","{""worker"":""vendor_event_consumer""}"
1774353389748,ledger,ledger.item_created,ledger_item,3,system,vendor_event_consumer,vendor_event_consumer,worker_event:6,cart_payment:2,,2,,,5,6,,,ledger.payment_confirmed,8400,success,,{},"{""id"":3,""vendor_name"":""stripe"",""amount"":8400,""stage"":""ledger.payment_confirmed"",""type"":""payment"",""label"":""cart_payment"",""cart_id"":2,""transaction_id"":5,""confirmed_at"":1774353389746,""settled_at"":null,""allocations"":[{""cart_item_id"":4,""obligation_id"":10,""amount"":400},{""cart_item_id"":5,""obligation_id"":7,""amount"":4000},{""cart_item_id"":6,""obligation_id"":8,""amount"":4000}]}","{""breakdown_label"":""cart_payment"",""breakdown_type"":""payment"",""vendor_event_type"":""payment_confirmed"",""allocation_count"":3}"
1774353389751,ledger,ledger.item_created,ledger_item,4,system,vendor_event_consumer,vendor_event_consumer,worker_event:6,cart_payment:2,,2,,,5,6,,,ledger.payment_confirmed,-155,success,,{},"{""id"":4,""vendor_name"":""stripe"",""amount"":-155,""stage"":""ledger.payment_confirmed"",""type"":""fee"",""label"":""stripe_fee"",""cart_id"":2,""transaction_id"":5,""confirmed_at"":1774353389746,""settled_at"":null,""allocations"":[]}","{""breakdown_label"":""stripe_fee"",""breakdown_type"":""fee"",""vendor_event_type"":""payment_confirmed"",""allocation_count"":0}"
1774353389751,cart,cart.payment_confirmed,cart,2,system,vendor_event_consumer,vendor_event_consumer,worker_event:6,cart_payment:2,,2,,,,,,payment_submitted,payment_confirmed,8400,success,,"{""id"":2,""amount"":8400,""vendor"":""stripe"",""payment_mode"":""online"",""status"":""payment_submitted"",""cart_items"":[{""id"":4,""cart_id"":2,""amount"":400,""obligation_id"":10,""obligation_label"":""convenience_fee""},{""id"":5,""cart_id"":2,""amount"":4000,""obligation_id"":7,""obligation_label"":""citation_fee""},{""id"":6,""cart_id"":2,""amount"":4000,""obligation_id"":8,""obligation_label"":""citation_fee""}]}","{""id"":2,""amount"":8400,""vendor"":""stripe"",""payment_mode"":""online"",""status"":""payment_confirmed"",""cart_items"":[{""id"":4,""cart_id"":2,""amount"":400,""obligation_id"":10,""obligation_label"":""convenience_fee""},{""id"":5,""cart_id"":2,""amount"":4000,""obligation_id"":7,""obligation_label"":""citation_fee""},{""id"":6,""cart_id"":2,""amount"":4000,""obligation_id"":8,""obligation_label"":""citation_fee""}]}","{""event_type"":""cart.payment_confirmed""}"
1774353389753,obligation,obligation.payment_confirmed,obligation,10,system,vendor_event_consumer,vendor_event_consumer,worker_event:6,cart_payment:2,,,4,10,5,6,,locked,closed,8400,success,,"{""id"":10,""owner_id"":""2"",""owner_type"":""cart"",""fee_type"":""fee"",""label"":""convenience_fee"",""status"":""locked"",""amount"":400,""allocated_total"":0,""outstanding_amount"":400,""overpaid_amount"":0,""waived_amount"":0,""locked_by"":""2""}","{""id"":10,""owner_id"":""2"",""owner_type"":""cart"",""fee_type"":""fee"",""label"":""convenience_fee"",""status"":""closed"",""amount"":400,""allocated_total"":400,""outstanding_amount"":0,""overpaid_amount"":0,""waived_amount"":0,""locked_by"":null}","{""ledger_item_id"":3,""event_type"":""obligation.payment_confirmed"",""allocated_delta"":400,""payment_mode"":""online""}"
1774353389755,obligation,obligation.payment_confirmed,obligation,7,system,vendor_event_consumer,vendor_event_consumer,worker_event:6,cart_payment:2,,,5,7,5,6,,locked,closed,8400,success,,"{""id"":7,""owner_id"":""000330575"",""owner_type"":""citation"",""fee_type"":""citation"",""label"":""citation_fee"",""status"":""locked"",""amount"":4000,""allocated_total"":0,""outstanding_amount"":4000,""overpaid_amount"":0,""waived_amount"":0,""locked_by"":""2""}","{""id"":7,""owner_id"":""000330575"",""owner_type"":""citation"",""fee_type"":""citation"",""label"":""citation_fee"",""status"":""closed"",""amount"":4000,""allocated_total"":4000,""outstanding_amount"":0,""overpaid_amount"":0,""waived_amount"":0,""locked_by"":null}","{""ledger_item_id"":3,""event_type"":""obligation.payment_confirmed"",""allocated_delta"":4000,""payment_mode"":""online""}"
1774353389757,obligation,obligation.payment_confirmed,obligation,8,system,vendor_event_consumer,vendor_event_consumer,worker_event:6,cart_payment:2,,,6,8,5,6,,locked,closed,8400,success,,"{""id"":8,""owner_id"":""000330362"",""owner_type"":""citation"",""fee_type"":""citation"",""label"":""citation_fee"",""status"":""locked"",""amount"":4000,""allocated_total"":0,""outstanding_amount"":4000,""overpaid_amount"":0,""waived_amount"":0,""locked_by"":""2""}","{""id"":8,""owner_id"":""000330362"",""owner_type"":""citation"",""fee_type"":""citation"",""label"":""citation_fee"",""status"":""closed"",""amount"":4000,""allocated_total"":4000,""outstanding_amount"":0,""overpaid_amount"":0,""waived_amount"":0,""locked_by"":null}","{""ledger_item_id"":3,""event_type"":""obligation.payment_confirmed"",""allocated_delta"":4000,""payment_mode"":""online""}"
1774353393776,vendor_event,vendor_event.processing_dispatched,vendor_event,2,system,vendor_event_consumer,vendor_event_consumer,worker_event:2,cart_payment:1,,1,,,1,2,,,,,success,,"{""id"":2,""processing_status"":""pending"",""event_type"":""payment_settled"",""vendor_name"":""stripe""}","{""id"":2,""processing_status"":""pending"",""event_type"":""payment_settled"",""vendor_name"":""stripe""}","{""worker"":""vendor_event_consumer""}"
1774353393782,ledger,ledger.item_settled,ledger_item,1,system,vendor_event_consumer,vendor_event_consumer,worker_event:2,cart_payment:1,,1,,,1,2,,ledger.payment_confirmed,ledger.payment_settled,8400,success,,"{""id"":1,""vendor_name"":""stripe"",""amount"":8400.0,""stage"":""ledger.payment_confirmed"",""type"":""payment"",""label"":""cart_payment"",""cart_id"":1,""transaction_id"":1,""confirmed_at"":1774353389741,""settled_at"":null,""allocations"":[{""cart_item_id"":1,""obligation_id"":9,""amount"":400},{""cart_item_id"":2,""obligation_id"":1,""amount"":4000},{""cart_item_id"":3,""obligation_id"":2,""amount"":4000}]}","{""id"":1,""vendor_name"":""stripe"",""amount"":8400.0,""stage"":""ledger.payment_settled"",""type"":""payment"",""label"":""cart_payment"",""cart_id"":1,""transaction_id"":1,""confirmed_at"":1774353389741,""settled_at"":1774353393776,""allocations"":[{""cart_item_id"":1,""obligation_id"":9,""amount"":400},{""cart_item_id"":2,""obligation_id"":1,""amount"":4000},{""cart_item_id"":3,""obligation_id"":2,""amount"":4000}]}","{""breakdown_label"":""cart_payment"",""breakdown_type"":""payment"",""vendor_event_type"":""payment_settled""}"
1774353393789,ledger,ledger.item_settled,ledger_item,2,system,vendor_event_consumer,vendor_event_consumer,worker_event:2,cart_payment:1,,1,,,1,2,,ledger.payment_confirmed,ledger.payment_settled,-155,success,,"{""id"":2,""vendor_name"":""stripe"",""amount"":-155.0,""stage"":""ledger.payment_confirmed"",""type"":""fee"",""label"":""stripe_fee"",""cart_id"":1,""transaction_id"":1,""confirmed_at"":1774353389741,""settled_at"":null,""allocations"":[]}","{""id"":2,""vendor_name"":""stripe"",""amount"":-155.0,""stage"":""ledger.payment_settled"",""type"":""fee"",""label"":""stripe_fee"",""cart_id"":1,""transaction_id"":1,""confirmed_at"":1774353389741,""settled_at"":1774353393776,""allocations"":[]}","{""breakdown_label"":""stripe_fee"",""breakdown_type"":""fee"",""vendor_event_type"":""payment_settled""}"
1774353393789,cart,cart.payment_settled,cart,1,system,vendor_event_consumer,vendor_event_consumer,worker_event:2,cart_payment:1,,1,,,,,,payment_confirmed,payment_settled,8400,success,,"{""id"":1,""amount"":8400,""vendor"":""stripe"",""payment_mode"":""online"",""status"":""payment_confirmed"",""cart_items"":[{""id"":1,""cart_id"":1,""amount"":400,""obligation_id"":9,""obligation_label"":""convenience_fee""},{""id"":2,""cart_id"":1,""amount"":4000,""obligation_id"":1,""obligation_label"":""citation_fee""},{""id"":3,""cart_id"":1,""amount"":4000,""obligation_id"":2,""obligation_label"":""citation_fee""}]}","{""id"":1,""amount"":8400,""vendor"":""stripe"",""payment_mode"":""online"",""status"":""payment_settled"",""cart_items"":[{""id"":1,""cart_id"":1,""amount"":400,""obligation_id"":9,""obligation_label"":""convenience_fee""},{""id"":2,""cart_id"":1,""amount"":4000,""obligation_id"":1,""obligation_label"":""citation_fee""},{""id"":3,""cart_id"":1,""amount"":4000,""obligation_id"":2,""obligation_label"":""citation_fee""}]}","{""event_type"":""cart.settled""}"
1774353393792,obligation,obligation.payment_settled,obligation,9,system,vendor_event_consumer,vendor_event_consumer,worker_event:2,cart_payment:1,,,1,9,1,2,,closed,closed,8400.0,success,,"{""id"":9,""owner_id"":""1"",""owner_type"":""cart"",""fee_type"":""fee"",""label"":""convenience_fee"",""status"":""closed"",""amount"":400,""allocated_total"":400,""outstanding_amount"":0,""overpaid_amount"":0,""waived_amount"":0,""locked_by"":""""}","{""id"":9,""owner_id"":""1"",""owner_type"":""cart"",""fee_type"":""fee"",""label"":""convenience_fee"",""status"":""closed"",""amount"":400,""allocated_total"":400,""outstanding_amount"":0,""overpaid_amount"":0,""waived_amount"":0,""locked_by"":null}","{""ledger_item_id"":1,""event_type"":""obligation.payment_settled"",""allocated_delta"":0,""payment_mode"":""online""}"
1774353393794,obligation,obligation.payment_settled,obligation,1,system,vendor_event_consumer,vendor_event_consumer,worker_event:2,cart_payment:1,,,2,1,1,2,,closed,closed,8400.0,success,,"{""id"":1,""owner_id"":""000331714"",""owner_type"":""citation"",""fee_type"":""citation"",""label"":""citation_fee"",""status"":""closed"",""amount"":4000,""allocated_total"":4000,""outstanding_amount"":0,""overpaid_amount"":0,""waived_amount"":0,""locked_by"":""""}","{""id"":1,""owner_id"":""000331714"",""owner_type"":""citation"",""fee_type"":""citation"",""label"":""citation_fee"",""status"":""closed"",""amount"":4000,""allocated_total"":4000,""outstanding_amount"":0,""overpaid_amount"":0,""waived_amount"":0,""locked_by"":null}","{""ledger_item_id"":1,""event_type"":""obligation.payment_settled"",""allocated_delta"":0,""payment_mode"":""online""}"
1774353393796,obligation,obligation.payment_settled,obligation,2,system,vendor_event_consumer,vendor_event_consumer,worker_event:2,cart_payment:1,,,3,2,1,2,,closed,closed,8400.0,success,,"{""id"":2,""owner_id"":""000329181"",""owner_type"":""citation"",""fee_type"":""citation"",""label"":""citation_fee"",""status"":""closed"",""amount"":4000,""allocated_total"":4000,""outstanding_amount"":0,""overpaid_amount"":0,""waived_amount"":0,""locked_by"":""""}","{""id"":2,""owner_id"":""000329181"",""owner_type"":""citation"",""fee_type"":""citation"",""label"":""citation_fee"",""status"":""closed"",""amount"":4000,""allocated_total"":4000,""outstanding_amount"":0,""overpaid_amount"":0,""waived_amount"":0,""locked_by"":null}","{""ledger_item_id"":1,""event_type"":""obligation.payment_settled"",""allocated_delta"":0,""payment_mode"":""online""}"
1774353393796,vendor_event,vendor_event.processing_dispatched,vendor_event,7,system,vendor_event_consumer,vendor_event_consumer,worker_event:7,cart_payment:2,,2,,,5,7,,,,,success,,"{""id"":7,""processing_status"":""pending"",""event_type"":""payment_settled"",""vendor_name"":""stripe""}","{""id"":7,""processing_status"":""pending"",""event_type"":""payment_settled"",""vendor_name"":""stripe""}","{""worker"":""vendor_event_consumer""}"
1774353393803,ledger,ledger.item_settled,ledger_item,3,system,vendor_event_consumer,vendor_event_consumer,worker_event:7,cart_payment:2,,2,,,5,7,,ledger.payment_confirmed,ledger.payment_settled,8400,success,,"{""id"":3,""vendor_name"":""stripe"",""amount"":8400.0,""stage"":""ledger.payment_confirmed"",""type"":""payment"",""label"":""cart_payment"",""cart_id"":2,""transaction_id"":5,""confirmed_at"":1774353389746,""settled_at"":null,""allocations"":[{""cart_item_id"":4,""obligation_id"":10,""amount"":400},{""cart_item_id"":5,""obligation_id"":7,""amount"":4000},{""cart_item_id"":6,""obligation_id"":8,""amount"":4000}]}","{""id"":3,""vendor_name"":""stripe"",""amount"":8400.0,""stage"":""ledger.payment_settled"",""type"":""payment"",""label"":""cart_payment"",""cart_id"":2,""transaction_id"":5,""confirmed_at"":1774353389746,""settled_at"":1774353393796,""allocations"":[{""cart_item_id"":4,""obligation_id"":10,""amount"":400},{""cart_item_id"":5,""obligation_id"":7,""amount"":4000},{""cart_item_id"":6,""obligation_id"":8,""amount"":4000}]}","{""breakdown_label"":""cart_payment"",""breakdown_type"":""payment"",""vendor_event_type"":""payment_settled""}"
1774353393809,ledger,ledger.item_settled,ledger_item,4,system,vendor_event_consumer,vendor_event_consumer,worker_event:7,cart_payment:2,,2,,,5,7,,ledger.payment_confirmed,ledger.payment_settled,-155,success,,"{""id"":4,""vendor_name"":""stripe"",""amount"":-155.0,""stage"":""ledger.payment_confirmed"",""type"":""fee"",""label"":""stripe_fee"",""cart_id"":2,""transaction_id"":5,""confirmed_at"":1774353389746,""settled_at"":null,""allocations"":[]}","{""id"":4,""vendor_name"":""stripe"",""amount"":-155.0,""stage"":""ledger.payment_settled"",""type"":""fee"",""label"":""stripe_fee"",""cart_id"":2,""transaction_id"":5,""confirmed_at"":1774353389746,""settled_at"":1774353393796,""allocations"":[]}","{""breakdown_label"":""stripe_fee"",""breakdown_type"":""fee"",""vendor_event_type"":""payment_settled""}"
1774353393810,cart,cart.payment_settled,cart,2,system,vendor_event_consumer,vendor_event_consumer,worker_event:7,cart_payment:2,,2,,,,,,payment_confirmed,payment_settled,8400,success,,"{""id"":2,""amount"":8400,""vendor"":""stripe"",""payment_mode"":""online"",""status"":""payment_confirmed"",""cart_items"":[{""id"":4,""cart_id"":2,""amount"":400,""obligation_id"":10,""obligation_label"":""convenience_fee""},{""id"":5,""cart_id"":2,""amount"":4000,""obligation_id"":7,""obligation_label"":""citation_fee""},{""id"":6,""cart_id"":2,""amount"":4000,""obligation_id"":8,""obligation_label"":""citation_fee""}]}","{""id"":2,""amount"":8400,""vendor"":""stripe"",""payment_mode"":""online"",""status"":""payment_settled"",""cart_items"":[{""id"":4,""cart_id"":2,""amount"":400,""obligation_id"":10,""obligation_label"":""convenience_fee""},{""id"":5,""cart_id"":2,""amount"":4000,""obligation_id"":7,""obligation_label"":""citation_fee""},{""id"":6,""cart_id"":2,""amount"":4000,""obligation_id"":8,""obligation_label"":""citation_fee""}]}","{""event_type"":""cart.settled""}"
1774353393811,obligation,obligation.payment_settled,obligation,10,system,vendor_event_consumer,vendor_event_consumer,worker_event:7,cart_payment:2,,,4,10,5,7,,closed,closed,8400.0,success,,"{""id"":10,""owner_id"":""2"",""owner_type"":""cart"",""fee_type"":""fee"",""label"":""convenience_fee"",""status"":""closed"",""amount"":400,""allocated_total"":400,""outstanding_amount"":0,""overpaid_amount"":0,""waived_amount"":0,""locked_by"":""""}","{""id"":10,""owner_id"":""2"",""owner_type"":""cart"",""fee_type"":""fee"",""label"":""convenience_fee"",""status"":""closed"",""amount"":400,""allocated_total"":400,""outstanding_amount"":0,""overpaid_amount"":0,""waived_amount"":0,""locked_by"":null}","{""ledger_item_id"":3,""event_type"":""obligation.payment_settled"",""allocated_delta"":0,""payment_mode"":""online""}"
1774353393813,obligation,obligation.payment_settled,obligation,7,system,vendor_event_consumer,vendor_event_consumer,worker_event:7,cart_payment:2,,,5,7,5,7,,closed,closed,8400.0,success,,"{""id"":7,""owner_id"":""000330575"",""owner_type"":""citation"",""fee_type"":""citation"",""label"":""citation_fee"",""status"":""closed"",""amount"":4000,""allocated_total"":4000,""outstanding_amount"":0,""overpaid_amount"":0,""waived_amount"":0,""locked_by"":""""}","{""id"":7,""owner_id"":""000330575"",""owner_type"":""citation"",""fee_type"":""citation"",""label"":""citation_fee"",""status"":""closed"",""amount"":4000,""allocated_total"":4000,""outstanding_amount"":0,""overpaid_amount"":0,""waived_amount"":0,""locked_by"":null}","{""ledger_item_id"":3,""event_type"":""obligation.payment_settled"",""allocated_delta"":0,""payment_mode"":""online""}"
1774353393815,obligation,obligation.payment_settled,obligation,8,system,vendor_event_consumer,vendor_event_consumer,worker_event:7,cart_payment:2,,,6,8,5,7,,closed,closed,8400.0,success,,"{""id"":8,""owner_id"":""000330362"",""owner_type"":""citation"",""fee_type"":""citation"",""label"":""citation_fee"",""status"":""closed"",""amount"":4000,""allocated_total"":4000,""outstanding_amount"":0,""overpaid_amount"":0,""waived_amount"":0,""locked_by"":""""}","{""id"":8,""owner_id"":""000330362"",""owner_type"":""citation"",""fee_type"":""citation"",""label"":""citation_fee"",""status"":""closed"",""amount"":4000,""allocated_total"":4000,""outstanding_amount"":0,""overpaid_amount"":0,""waived_amount"":0,""locked_by"":null}","{""ledger_item_id"":3,""event_type"":""obligation.payment_settled"",""allocated_delta"":0,""payment_mode"":""online""}"
1774353422264,vendor_event,vendor_event.processing_dispatched,vendor_event,3,system,vendor_event_consumer,vendor_event_consumer,worker_event:3,vendor_event:3,,,,,2,3,,,,,success,,"{""id"":3,""processing_status"":""pending"",""event_type"":""payment_settled"",""vendor_name"":""checkalt""}","{""id"":3,""processing_status"":""pending"",""event_type"":""payment_settled"",""vendor_name"":""checkalt""}","{""worker"":""vendor_event_consumer""}"
1774353422265,cart,cart.created,cart,3,system,vendor_event_consumer,vendor_event_consumer,worker_event:3,vendor_event:3,,3,,,,,,,system_created,0,success,,{},"{""id"":3,""amount"":0,""vendor"":""checkalt"",""payment_mode"":""check"",""status"":""system_created"",""cart_items"":[]}","{""event_type"":""cart.created""}"
1774353422266,cart,cart.items_added,cart,3,system,vendor_event_consumer,vendor_event_consumer,worker_event:3,vendor_event:3,,3,,,,,,system_created,system_created,0,success,,"{""id"":3,""amount"":0,""vendor"":""checkalt"",""payment_mode"":""check"",""status"":""system_created"",""cart_items"":[]}","{""id"":3,""amount"":0,""vendor"":""checkalt"",""payment_mode"":""check"",""status"":""system_created"",""cart_items"":[{""id"":7,""cart_id"":3,""amount"":0,""obligation_id"":1,""obligation_label"":""citation_fee""},{""id"":8,""cart_id"":3,""amount"":0,""obligation_id"":2,""obligation_label"":""citation_fee""}]}","{""event_type"":""cart.items_modified"",""new_cart_item_ids"":[7,8],""new_obligation_ids"":[1,2]}"
1774353422270,ledger,ledger.item_created,ledger_item,5,system,vendor_event_consumer,vendor_event_consumer,worker_event:3,vendor_event:3,,3,,,2,3,,,ledger.payment_settled,8000,success,,{},"{""id"":5,""vendor_name"":""checkalt"",""amount"":8000,""stage"":""ledger.payment_settled"",""type"":""payment"",""label"":""check_payment"",""cart_id"":3,""transaction_id"":2,""confirmed_at"":1774353422266,""settled_at"":1774353422266,""allocations"":[{""cart_item_id"":7,""obligation_id"":1,""amount"":4000},{""cart_item_id"":8,""obligation_id"":2,""amount"":4000}]}","{""breakdown_label"":""check_payment"",""breakdown_type"":""payment"",""vendor_event_type"":""payment_settled"",""allocation_count"":2}"
1774353422270,cart,cart.payment_settled,cart,3,system,vendor_event_consumer,vendor_event_consumer,worker_event:3,vendor_event:3,,3,,,,,,system_created,payment_settled,0,success,,"{""id"":3,""amount"":0,""vendor"":""checkalt"",""payment_mode"":""check"",""status"":""system_created"",""cart_items"":[{""id"":7,""cart_id"":3,""amount"":0,""obligation_id"":1,""obligation_label"":""citation_fee""},{""id"":8,""cart_id"":3,""amount"":0,""obligation_id"":2,""obligation_label"":""citation_fee""}]}","{""id"":3,""amount"":0,""vendor"":""checkalt"",""payment_mode"":""check"",""status"":""payment_settled"",""cart_items"":[{""id"":7,""cart_id"":3,""amount"":0,""obligation_id"":1,""obligation_label"":""citation_fee""},{""id"":8,""cart_id"":3,""amount"":0,""obligation_id"":2,""obligation_label"":""citation_fee""}]}","{""event_type"":""cart.settled""}"
1774353422273,obligation,obligation.payment_settled,obligation,1,system,vendor_event_consumer,vendor_event_consumer,worker_event:3,vendor_event:3,,,7,1,2,3,,closed,closed,8000,success,,"{""id"":1,""owner_id"":""000331714"",""owner_type"":""citation"",""fee_type"":""citation"",""label"":""citation_fee"",""status"":""closed"",""amount"":4000,""allocated_total"":4000,""outstanding_amount"":0,""overpaid_amount"":0,""waived_amount"":0,""locked_by"":""""}","{""id"":1,""owner_id"":""000331714"",""owner_type"":""citation"",""fee_type"":""citation"",""label"":""citation_fee"",""status"":""closed"",""amount"":4000,""allocated_total"":8000,""outstanding_amount"":0,""overpaid_amount"":4000,""waived_amount"":0,""locked_by"":null}","{""ledger_item_id"":5,""event_type"":""obligation.payment_settled"",""allocated_delta"":4000,""payment_mode"":""check""}"
1774353422276,obligation,obligation.payment_settled,obligation,2,system,vendor_event_consumer,vendor_event_consumer,worker_event:3,vendor_event:3,,,8,2,2,3,,closed,closed,8000,success,,"{""id"":2,""owner_id"":""000329181"",""owner_type"":""citation"",""fee_type"":""citation"",""label"":""citation_fee"",""status"":""closed"",""amount"":4000,""allocated_total"":4000,""outstanding_amount"":0,""overpaid_amount"":0,""waived_amount"":0,""locked_by"":""""}","{""id"":2,""owner_id"":""000329181"",""owner_type"":""citation"",""fee_type"":""citation"",""label"":""citation_fee"",""status"":""closed"",""amount"":4000,""allocated_total"":8000,""outstanding_amount"":0,""overpaid_amount"":4000,""waived_amount"":0,""locked_by"":null}","{""ledger_item_id"":5,""event_type"":""obligation.payment_settled"",""allocated_delta"":4000,""payment_mode"":""check""}"
1774353427542,vendor_event,vendor_event.processing_dispatched,vendor_event,4,system,vendor_event_consumer,vendor_event_consumer,worker_event:4,vendor_event:4,,,,,3,4,,,,,success,,"{""id"":4,""processing_status"":""pending"",""event_type"":""payment_settled"",""vendor_name"":""checkalt""}","{""id"":4,""processing_status"":""pending"",""event_type"":""payment_settled"",""vendor_name"":""checkalt""}","{""worker"":""vendor_event_consumer""}"
1774353427542,cart,cart.created,cart,4,system,vendor_event_consumer,vendor_event_consumer,worker_event:4,vendor_event:4,,4,,,,,,,system_created,0,success,,{},"{""id"":4,""amount"":0,""vendor"":""checkalt"",""payment_mode"":""check"",""status"":""system_created"",""cart_items"":[]}","{""event_type"":""cart.created""}"
1774353427543,cart,cart.items_added,cart,4,system,vendor_event_consumer,vendor_event_consumer,worker_event:4,vendor_event:4,,4,,,,,,system_created,system_created,4000,success,,"{""id"":4,""amount"":0,""vendor"":""checkalt"",""payment_mode"":""check"",""status"":""system_created"",""cart_items"":[]}","{""id"":4,""amount"":4000,""vendor"":""checkalt"",""payment_mode"":""check"",""status"":""system_created"",""cart_items"":[{""id"":9,""cart_id"":4,""amount"":4000,""obligation_id"":3,""obligation_label"":""citation_fee""}]}","{""event_type"":""cart.items_modified"",""new_cart_item_ids"":[9],""new_obligation_ids"":[3]}"
1774353427548,ledger,ledger.item_created,ledger_item,6,system,vendor_event_consumer,vendor_event_consumer,worker_event:4,vendor_event:4,,4,,,3,4,,,ledger.payment_settled,2000,success,,{},"{""id"":6,""vendor_name"":""checkalt"",""amount"":2000,""stage"":""ledger.payment_settled"",""type"":""payment"",""label"":""check_payment"",""cart_id"":4,""transaction_id"":3,""confirmed_at"":1774353427543,""settled_at"":1774353427543,""allocations"":[{""cart_item_id"":9,""obligation_id"":3,""amount"":2000}]}","{""breakdown_label"":""check_payment"",""breakdown_type"":""payment"",""vendor_event_type"":""payment_settled"",""allocation_count"":1}"
1774353427549,cart,cart.payment_settled,cart,4,system,vendor_event_consumer,vendor_event_consumer,worker_event:4,vendor_event:4,,4,,,,,,system_created,payment_settled,4000,success,,"{""id"":4,""amount"":4000,""vendor"":""checkalt"",""payment_mode"":""check"",""status"":""system_created"",""cart_items"":[{""id"":9,""cart_id"":4,""amount"":4000,""obligation_id"":3,""obligation_label"":""citation_fee""}]}","{""id"":4,""amount"":4000,""vendor"":""checkalt"",""payment_mode"":""check"",""status"":""payment_settled"",""cart_items"":[{""id"":9,""cart_id"":4,""amount"":4000,""obligation_id"":3,""obligation_label"":""citation_fee""}]}","{""event_type"":""cart.settled""}"
1774353427552,obligation,obligation.payment_settled,obligation,3,system,vendor_event_consumer,vendor_event_consumer,worker_event:4,vendor_event:4,,,9,3,3,4,,open,open,2000,success,,"{""id"":3,""owner_id"":""000322452"",""owner_type"":""citation"",""fee_type"":""citation"",""label"":""citation_fee"",""status"":""open"",""amount"":4000,""allocated_total"":0,""outstanding_amount"":4000,""overpaid_amount"":0,""waived_amount"":0,""locked_by"":""""}","{""id"":3,""owner_id"":""000322452"",""owner_type"":""citation"",""fee_type"":""citation"",""label"":""citation_fee"",""status"":""open"",""amount"":4000,""allocated_total"":2000,""outstanding_amount"":2000,""overpaid_amount"":0,""waived_amount"":0,""locked_by"":null}","{""ledger_item_id"":6,""event_type"":""obligation.payment_settled"",""allocated_delta"":2000,""payment_mode"":""check""}"
1774353441950,vendor_event,vendor_event.processing_dispatched,vendor_event,5,system,vendor_event_consumer,vendor_event_consumer,worker_event:5,cart_payment:1,,1,,,4,5,,,,,success,,"{""id"":5,""processing_status"":""pending"",""event_type"":""payment_refunded"",""vendor_name"":""stripe""}","{""id"":5,""processing_status"":""pending"",""event_type"":""payment_refunded"",""vendor_name"":""stripe""}","{""worker"":""vendor_event_consumer""}"
1774353441957,ledger,ledger.item_created,ledger_item,7,system,vendor_event_consumer,vendor_event_consumer,worker_event:5,cart_payment:1,,1,,,4,5,,,ledger.payment_refunded,-4000,success,,{},"{""id"":7,""vendor_name"":""stripe"",""amount"":-4000,""stage"":""ledger.payment_refunded"",""type"":""payment"",""label"":""refund_payment"",""cart_id"":1,""transaction_id"":4,""confirmed_at"":1774353441950,""settled_at"":1774353441950,""allocations"":[{""cart_item_id"":2,""obligation_id"":1,""amount"":-4000}]}","{""breakdown_label"":""refund_payment"",""breakdown_type"":""payment"",""vendor_event_type"":""payment_refunded"",""allocation_count"":1}"
1774353441957,cart,cart.payment_refunded,cart,1,system,vendor_event_consumer,vendor_event_consumer,worker_event:5,cart_payment:1,,1,,,,,,payment_settled,payment_settled,8400,success,,"{""id"":1,""amount"":8400,""vendor"":""stripe"",""payment_mode"":""online"",""status"":""payment_settled"",""cart_items"":[{""id"":1,""cart_id"":1,""amount"":400,""obligation_id"":9,""obligation_label"":""convenience_fee""},{""id"":2,""cart_id"":1,""amount"":4000,""obligation_id"":1,""obligation_label"":""citation_fee""},{""id"":3,""cart_id"":1,""amount"":4000,""obligation_id"":2,""obligation_label"":""citation_fee""}]}","{""id"":1,""amount"":8400,""vendor"":""stripe"",""payment_mode"":""online"",""status"":""payment_settled"",""cart_items"":[{""id"":1,""cart_id"":1,""amount"":400,""obligation_id"":9,""obligation_label"":""convenience_fee""},{""id"":2,""cart_id"":1,""amount"":4000,""obligation_id"":1,""obligation_label"":""citation_fee""},{""id"":3,""cart_id"":1,""amount"":4000,""obligation_id"":2,""obligation_label"":""citation_fee""}]}","{""event_type"":""cart.payment_refunded""}"
1774353441961,obligation,obligation.payment_refunded,obligation,1,system,vendor_event_consumer,vendor_event_consumer,worker_event:5,cart_payment:1,,,2,1,4,5,,closed,closed,-4000,success,,"{""id"":1,""owner_id"":""000331714"",""owner_type"":""citation"",""fee_type"":""citation"",""label"":""citation_fee"",""status"":""closed"",""amount"":4000,""allocated_total"":8000,""outstanding_amount"":0,""overpaid_amount"":4000,""waived_amount"":0,""locked_by"":""""}","{""id"":1,""owner_id"":""000331714"",""owner_type"":""citation"",""fee_type"":""citation"",""label"":""citation_fee"",""status"":""closed"",""amount"":4000,""allocated_total"":4000,""outstanding_amount"":0,""overpaid_amount"":0,""waived_amount"":0,""locked_by"":null}","{""ledger_item_id"":7,""event_type"":""obligation.payment_refunded"",""allocated_delta"":-4000,""payment_mode"":""check""}"
1774353448175,vendor_event,vendor_event.processing_dispatched,vendor_event,8,system,vendor_event_consumer,vendor_event_consumer,worker_event:8,cart_payment:2,,2,,,6,8,,,,,success,,"{""id"":8,""processing_status"":""pending"",""event_type"":""payment_dispute_funds_withdrawn"",""vendor_name"":""stripe""}","{""id"":8,""processing_status"":""pending"",""event_type"":""payment_dispute_funds_withdrawn"",""vendor_name"":""stripe""}","{""worker"":""vendor_event_consumer""}"
1774353448183,ledger,ledger.item_created,ledger_item,8,system,vendor_event_consumer,vendor_event_consumer,worker_event:8,cart_payment:2,,2,,,6,8,,,ledger.payment_dispute_funds_withdrawn,-8400,success,,{},"{""id"":8,""vendor_name"":""stripe"",""amount"":-8400,""stage"":""ledger.payment_dispute_funds_withdrawn"",""type"":""payment"",""label"":""dispute_payment"",""cart_id"":2,""transaction_id"":6,""confirmed_at"":1774353448176,""settled_at"":1774353448176,""allocations"":[{""cart_item_id"":4,""obligation_id"":10,""amount"":-400},{""cart_item_id"":5,""obligation_id"":7,""amount"":-4000},{""cart_item_id"":6,""obligation_id"":8,""amount"":-4000}]}","{""breakdown_label"":""dispute_payment"",""breakdown_type"":""payment"",""vendor_event_type"":""payment_dispute_funds_withdrawn"",""allocation_count"":3}"
1774353448192,ledger,ledger.item_created,ledger_item,9,system,vendor_event_consumer,vendor_event_consumer,worker_event:8,cart_payment:2,,2,,,6,8,,,ledger.payment_dispute_funds_withdrawn,-1500,success,,{},"{""id"":9,""vendor_name"":""stripe"",""amount"":-1500,""stage"":""ledger.payment_dispute_funds_withdrawn"",""type"":""fee"",""label"":""stripe_fee"",""cart_id"":2,""transaction_id"":6,""confirmed_at"":1774353448176,""settled_at"":1774353448176,""allocations"":[]}","{""breakdown_label"":""stripe_fee"",""breakdown_type"":""fee"",""vendor_event_type"":""payment_dispute_funds_withdrawn"",""allocation_count"":0}"
1774353448193,cart,cart.dispute_funds_withdrawn,cart,2,system,vendor_event_consumer,vendor_event_consumer,worker_event:8,cart_payment:2,,2,,,,,,payment_settled,disputed,8400,success,,"{""id"":2,""amount"":8400,""vendor"":""stripe"",""payment_mode"":""online"",""status"":""payment_settled"",""cart_items"":[{""id"":4,""cart_id"":2,""amount"":400,""obligation_id"":10,""obligation_label"":""convenience_fee""},{""id"":5,""cart_id"":2,""amount"":4000,""obligation_id"":7,""obligation_label"":""citation_fee""},{""id"":6,""cart_id"":2,""amount"":4000,""obligation_id"":8,""obligation_label"":""citation_fee""}]}","{""id"":2,""amount"":8400,""vendor"":""stripe"",""payment_mode"":""online"",""status"":""disputed"",""cart_items"":[{""id"":4,""cart_id"":2,""amount"":400,""obligation_id"":10,""obligation_label"":""convenience_fee""},{""id"":5,""cart_id"":2,""amount"":4000,""obligation_id"":7,""obligation_label"":""citation_fee""},{""id"":6,""cart_id"":2,""amount"":4000,""obligation_id"":8,""obligation_label"":""citation_fee""}]}","{""event_type"":""cart.dispute_funds_withdrawn""}"
1774353448198,obligation,obligation.dispute_funds_withdrawn,obligation,10,system,vendor_event_consumer,vendor_event_consumer,worker_event:8,cart_payment:2,,,4,10,6,8,,closed,open,-8400,success,,"{""id"":10,""owner_id"":""2"",""owner_type"":""cart"",""fee_type"":""fee"",""label"":""convenience_fee"",""status"":""closed"",""amount"":400,""allocated_total"":400,""outstanding_amount"":0,""overpaid_amount"":0,""waived_amount"":0,""locked_by"":""""}","{""id"":10,""owner_id"":""2"",""owner_type"":""cart"",""fee_type"":""fee"",""label"":""convenience_fee"",""status"":""open"",""amount"":400,""allocated_total"":0,""outstanding_amount"":400,""overpaid_amount"":0,""waived_amount"":0,""locked_by"":null}","{""ledger_item_id"":8,""event_type"":""obligation.payment_dispute_funds_withdrawn"",""allocated_delta"":-400,""payment_mode"":""online""}"
1774353448203,obligation,obligation.dispute_funds_withdrawn,obligation,7,system,vendor_event_consumer,vendor_event_consumer,worker_event:8,cart_payment:2,,,5,7,6,8,,closed,open,-8400,success,,"{""id"":7,""owner_id"":""000330575"",""owner_type"":""citation"",""fee_type"":""citation"",""label"":""citation_fee"",""status"":""closed"",""amount"":4000,""allocated_total"":4000,""outstanding_amount"":0,""overpaid_amount"":0,""waived_amount"":0,""locked_by"":""""}","{""id"":7,""owner_id"":""000330575"",""owner_type"":""citation"",""fee_type"":""citation"",""label"":""citation_fee"",""status"":""open"",""amount"":4000,""allocated_total"":0,""outstanding_amount"":4000,""overpaid_amount"":0,""waived_amount"":0,""locked_by"":null}","{""ledger_item_id"":8,""event_type"":""obligation.payment_dispute_funds_withdrawn"",""allocated_delta"":-4000,""payment_mode"":""online""}"
1774353448209,obligation,obligation.dispute_funds_withdrawn,obligation,8,system,vendor_event_consumer,vendor_event_consumer,worker_event:8,cart_payment:2,,,6,8,6,8,,closed,open,-8400,success,,"{""id"":8,""owner_id"":""000330362"",""owner_type"":""citation"",""fee_type"":""citation"",""label"":""citation_fee"",""status"":""closed"",""amount"":4000,""allocated_total"":4000,""outstanding_amount"":0,""overpaid_amount"":0,""waived_amount"":0,""locked_by"":""""}","{""id"":8,""owner_id"":""000330362"",""owner_type"":""citation"",""fee_type"":""citation"",""label"":""citation_fee"",""status"":""open"",""amount"":4000,""allocated_total"":0,""outstanding_amount"":4000,""overpaid_amount"":0,""waived_amount"":0,""locked_by"":null}","{""ledger_item_id"":8,""event_type"":""obligation.payment_dispute_funds_withdrawn"",""allocated_delta"":-4000,""payment_mode"":""online""}"
1774353448213,vendor_event,vendor_event.processing_dispatched,vendor_event,8,system,vendor_event_consumer,vendor_event_consumer,worker_event:8,cart_payment:2,,2,,,6,8,,,,,success,,"{""id"":8,""processing_status"":""pending"",""event_type"":""payment_dispute_funds_withdrawn"",""vendor_name"":""stripe""}","{""id"":8,""processing_status"":""pending"",""event_type"":""payment_dispute_funds_withdrawn"",""vendor_name"":""stripe""}","{""worker"":""vendor_event_consumer""}"
1774353448222,ledger,ledger.item_created,ledger_item,10,system,vendor_event_consumer,vendor_event_consumer,worker_event:8,cart_payment:2,,2,,,6,8,,,ledger.payment_dispute_funds_withdrawn,-8400,success,,{},"{""id"":10,""vendor_name"":""stripe"",""amount"":-8400,""stage"":""ledger.payment_dispute_funds_withdrawn"",""type"":""payment"",""label"":""dispute_payment"",""cart_id"":2,""transaction_id"":6,""confirmed_at"":1774353448213,""settled_at"":1774353448213,""allocations"":[{""cart_item_id"":4,""obligation_id"":10,""amount"":-400},{""cart_item_id"":5,""obligation_id"":7,""amount"":-4000},{""cart_item_id"":6,""obligation_id"":8,""amount"":-4000}]}","{""breakdown_label"":""dispute_payment"",""breakdown_type"":""payment"",""vendor_event_type"":""payment_dispute_funds_withdrawn"",""allocation_count"":3}"
1774353448234,ledger,ledger.item_created,ledger_item,11,system,vendor_event_consumer,vendor_event_consumer,worker_event:8,cart_payment:2,,2,,,6,8,,,ledger.payment_dispute_funds_withdrawn,-1500,success,,{},"{""id"":11,""vendor_name"":""stripe"",""amount"":-1500,""stage"":""ledger.payment_dispute_funds_withdrawn"",""type"":""fee"",""label"":""stripe_fee"",""cart_id"":2,""transaction_id"":6,""confirmed_at"":1774353448213,""settled_at"":1774353448213,""allocations"":[]}","{""breakdown_label"":""stripe_fee"",""breakdown_type"":""fee"",""vendor_event_type"":""payment_dispute_funds_withdrawn"",""allocation_count"":0}"
1774353448234,cart,cart.dispute_funds_withdrawn,cart,2,system,vendor_event_consumer,vendor_event_consumer,worker_event:8,cart_payment:2,,2,,,,,,disputed,disputed,8400,success,,"{""id"":2,""amount"":8400,""vendor"":""stripe"",""payment_mode"":""online"",""status"":""disputed"",""cart_items"":[{""id"":4,""cart_id"":2,""amount"":400,""obligation_id"":10,""obligation_label"":""convenience_fee""},{""id"":5,""cart_id"":2,""amount"":4000,""obligation_id"":7,""obligation_label"":""citation_fee""},{""id"":6,""cart_id"":2,""amount"":4000,""obligation_id"":8,""obligation_label"":""citation_fee""}]}","{""id"":2,""amount"":8400,""vendor"":""stripe"",""payment_mode"":""online"",""status"":""disputed"",""cart_items"":[{""id"":4,""cart_id"":2,""amount"":400,""obligation_id"":10,""obligation_label"":""convenience_fee""},{""id"":5,""cart_id"":2,""amount"":4000,""obligation_id"":7,""obligation_label"":""citation_fee""},{""id"":6,""cart_id"":2,""amount"":4000,""obligation_id"":8,""obligation_label"":""citation_fee""}]}","{""event_type"":""cart.dispute_funds_withdrawn""}"
1774353448241,obligation,obligation.dispute_funds_withdrawn,obligation,10,system,vendor_event_consumer,vendor_event_consumer,worker_event:8,cart_payment:2,,,4,10,6,8,,open,open,-8400,success,,"{""id"":10,""owner_id"":""2"",""owner_type"":""cart"",""fee_type"":""fee"",""label"":""convenience_fee"",""status"":""open"",""amount"":400,""allocated_total"":0,""outstanding_amount"":400,""overpaid_amount"":0,""waived_amount"":0,""locked_by"":""""}","{""id"":10,""owner_id"":""2"",""owner_type"":""cart"",""fee_type"":""fee"",""label"":""convenience_fee"",""status"":""open"",""amount"":400,""allocated_total"":-400,""outstanding_amount"":800,""overpaid_amount"":0,""waived_amount"":0,""locked_by"":null}","{""ledger_item_id"":10,""event_type"":""obligation.payment_dispute_funds_withdrawn"",""allocated_delta"":-400,""payment_mode"":""online""}"
1774353448248,obligation,obligation.dispute_funds_withdrawn,obligation,7,system,vendor_event_consumer,vendor_event_consumer,worker_event:8,cart_payment:2,,,5,7,6,8,,open,open,-8400,success,,"{""id"":7,""owner_id"":""000330575"",""owner_type"":""citation"",""fee_type"":""citation"",""label"":""citation_fee"",""status"":""open"",""amount"":4000,""allocated_total"":0,""outstanding_amount"":4000,""overpaid_amount"":0,""waived_amount"":0,""locked_by"":""""}","{""id"":7,""owner_id"":""000330575"",""owner_type"":""citation"",""fee_type"":""citation"",""label"":""citation_fee"",""status"":""open"",""amount"":4000,""allocated_total"":-4000,""outstanding_amount"":8000,""overpaid_amount"":0,""waived_amount"":0,""locked_by"":null}","{""ledger_item_id"":10,""event_type"":""obligation.payment_dispute_funds_withdrawn"",""allocated_delta"":-4000,""payment_mode"":""online""}"
1774353448255,obligation,obligation.dispute_funds_withdrawn,obligation,8,system,vendor_event_consumer,vendor_event_consumer,worker_event:8,cart_payment:2,,,6,8,6,8,,open,open,-8400,success,,"{""id"":8,""owner_id"":""000330362"",""owner_type"":""citation"",""fee_type"":""citation"",""label"":""citation_fee"",""status"":""open"",""amount"":4000,""allocated_total"":0,""outstanding_amount"":4000,""overpaid_amount"":0,""waived_amount"":0,""locked_by"":""""}","{""id"":8,""owner_id"":""000330362"",""owner_type"":""citation"",""fee_type"":""citation"",""label"":""citation_fee"",""status"":""open"",""amount"":4000,""allocated_total"":-4000,""outstanding_amount"":8000,""overpaid_amount"":0,""waived_amount"":0,""locked_by"":null}","{""ledger_item_id"":10,""event_type"":""obligation.payment_dispute_funds_withdrawn"",""allocated_delta"":-4000,""payment_mode"":""online""}"
1774353448259,vendor_event,vendor_event.processing_dispatched,vendor_event,9,system,vendor_event_consumer,vendor_event_consumer,worker_event:9,cart_payment:2,,2,,,7,9,,,,,success,,"{""id"":9,""processing_status"":""pending"",""event_type"":""payment_dispute_funds_returned"",""vendor_name"":""stripe""}","{""id"":9,""processing_status"":""pending"",""event_type"":""payment_dispute_funds_returned"",""vendor_name"":""stripe""}","{""worker"":""vendor_event_consumer""}"
1774353448271,ledger,ledger.item_created,ledger_item,12,system,vendor_event_consumer,vendor_event_consumer,worker_event:9,cart_payment:2,,2,,,7,9,,,ledger.payment_dispute_funds_returned,8400,success,,{},"{""id"":12,""vendor_name"":""stripe"",""amount"":8400,""stage"":""ledger.payment_dispute_funds_returned"",""type"":""payment"",""label"":""dispute_reversal_payment"",""cart_id"":2,""transaction_id"":7,""confirmed_at"":1774353448259,""settled_at"":1774353448259,""allocations"":[{""cart_item_id"":4,""obligation_id"":10,""amount"":400},{""cart_item_id"":5,""obligation_id"":7,""amount"":4000},{""cart_item_id"":6,""obligation_id"":8,""amount"":4000}]}","{""breakdown_label"":""dispute_reversal_payment"",""breakdown_type"":""payment"",""vendor_event_type"":""payment_dispute_funds_returned"",""allocation_count"":3}"
1774353448272,cart,cart.dispute_funds_returned,cart,2,system,vendor_event_consumer,vendor_event_consumer,worker_event:9,cart_payment:2,,2,,,,,,disputed,payment_settled,8400,success,,"{""id"":2,""amount"":8400,""vendor"":""stripe"",""payment_mode"":""online"",""status"":""disputed"",""cart_items"":[{""id"":4,""cart_id"":2,""amount"":400,""obligation_id"":10,""obligation_label"":""convenience_fee""},{""id"":5,""cart_id"":2,""amount"":4000,""obligation_id"":7,""obligation_label"":""citation_fee""},{""id"":6,""cart_id"":2,""amount"":4000,""obligation_id"":8,""obligation_label"":""citation_fee""}]}","{""id"":2,""amount"":8400,""vendor"":""stripe"",""payment_mode"":""online"",""status"":""payment_settled"",""cart_items"":[{""id"":4,""cart_id"":2,""amount"":400,""obligation_id"":10,""obligation_label"":""convenience_fee""},{""id"":5,""cart_id"":2,""amount"":4000,""obligation_id"":7,""obligation_label"":""citation_fee""},{""id"":6,""cart_id"":2,""amount"":4000,""obligation_id"":8,""obligation_label"":""citation_fee""}]}","{""event_type"":""cart.dispute_funds_returned""}"
1774353448280,obligation,obligation.dispute_funds_returned,obligation,10,system,vendor_event_consumer,vendor_event_consumer,worker_event:9,cart_payment:2,,,4,10,7,9,,open,open,8400,success,,"{""id"":10,""owner_id"":""2"",""owner_type"":""cart"",""fee_type"":""fee"",""label"":""convenience_fee"",""status"":""open"",""amount"":400,""allocated_total"":-400,""outstanding_amount"":800,""overpaid_amount"":0,""waived_amount"":0,""locked_by"":""""}","{""id"":10,""owner_id"":""2"",""owner_type"":""cart"",""fee_type"":""fee"",""label"":""convenience_fee"",""status"":""open"",""amount"":400,""allocated_total"":0,""outstanding_amount"":400,""overpaid_amount"":0,""waived_amount"":0,""locked_by"":null}","{""ledger_item_id"":12,""event_type"":""obligation.payment_dispute_funds_return"",""allocated_delta"":400,""payment_mode"":""online""}"
1774353448288,obligation,obligation.dispute_funds_returned,obligation,7,system,vendor_event_consumer,vendor_event_consumer,worker_event:9,cart_payment:2,,,5,7,7,9,,open,open,8400,success,,"{""id"":7,""owner_id"":""000330575"",""owner_type"":""citation"",""fee_type"":""citation"",""label"":""citation_fee"",""status"":""open"",""amount"":4000,""allocated_total"":-4000,""outstanding_amount"":8000,""overpaid_amount"":0,""waived_amount"":0,""locked_by"":""""}","{""id"":7,""owner_id"":""000330575"",""owner_type"":""citation"",""fee_type"":""citation"",""label"":""citation_fee"",""status"":""open"",""amount"":4000,""allocated_total"":0,""outstanding_amount"":4000,""overpaid_amount"":0,""waived_amount"":0,""locked_by"":null}","{""ledger_item_id"":12,""event_type"":""obligation.payment_dispute_funds_return"",""allocated_delta"":4000,""payment_mode"":""online""}"
1774353448295,obligation,obligation.dispute_funds_returned,obligation,8,system,vendor_event_consumer,vendor_event_consumer,worker_event:9,cart_payment:2,,,6,8,7,9,,open,open,8400,success,,"{""id"":8,""owner_id"":""000330362"",""owner_type"":""citation"",""fee_type"":""citation"",""label"":""citation_fee"",""status"":""open"",""amount"":4000,""allocated_total"":-4000,""outstanding_amount"":8000,""overpaid_amount"":0,""waived_amount"":0,""locked_by"":""""}","{""id"":8,""owner_id"":""000330362"",""owner_type"":""citation"",""fee_type"":""citation"",""label"":""citation_fee"",""status"":""open"",""amount"":4000,""allocated_total"":0,""outstanding_amount"":4000,""overpaid_amount"":0,""waived_amount"":0,""locked_by"":null}","{""ledger_item_id"":12,""event_type"":""obligation.payment_dispute_funds_return"",""allocated_delta"":4000,""payment_mode"":""online""}"
1774353453935,obligation,obligation.superseded,obligation,4,system,admin_tool,manual_adjustment,req_supersede_4,obligation_adjustment:4,,,,4,,,,open,superseded,4000,success,,"{""id"":4,""owner_id"":""000329019"",""owner_type"":""citation"",""fee_type"":""citation"",""label"":""citation_fee"",""status"":""open"",""amount"":4000,""allocated_total"":0,""outstanding_amount"":4000,""overpaid_amount"":0,""waived_amount"":0,""locked_by"":""""}","{""id"":4,""owner_id"":""000329019"",""owner_type"":""citation"",""fee_type"":""citation"",""label"":""citation_fee"",""status"":""superseded"",""amount"":4000,""allocated_total"":0,""outstanding_amount"":0,""overpaid_amount"":0,""waived_amount"":0,""locked_by"":null}","{""ledger_item_id"":null,""event_type"":""obligation.superseded"",""replacement_amount"":2000}"
1774353453936,obligation,obligation.created,obligation,11,system,admin_tool,manual_adjustment,req_supersede_4,obligation_adjustment:4,,,,11,,,,,open,2000,success,,{},"{""id"":11,""owner_id"":""000329019"",""owner_type"":""citation"",""fee_type"":""citation"",""label"":""citation_fee"",""status"":""open"",""amount"":2000,""allocated_total"":0,""outstanding_amount"":2000,""overpaid_amount"":0,""waived_amount"":0,""locked_by"":null}","{""ledger_item_id"":null,""event_type"":""obligation.created""}"
